"interview__key","Date","Nom du recenseur","Magasin de stockage","Localisation","Etage","Type de fourniture","Désignation","Quantité","Etat / Observation","Nombre à déprécier"
"17-50-82-40","13 / 01 / 2025","Cheikh GAYE","sous sol","Sous sol mécaniques1","sous sol","PIECES MECANIQUES","AMORTISSEUR AR WINGLE","18","A déprécier","18"
"17-50-82-40","13 / 01 / 2025","Cheikh GAYE","sous sol","Sous sol mécaniques1","sous sol","PIECES MECANIQUES","AMORTISSEUR ARRIERE TOYOTA HILUX","10","Bon état","0"
"17-50-82-40","13 / 01 / 2025","Cheikh GAYE","sous sol","Sous sol mécaniques1","sous sol","PIECES MECANIQUES","AMORTISSEUR AV WINGLE","4","A déprécier","4"
"17-50-82-40","13 / 01 / 2025","Cheikh GAYE","sous sol","Sous sol mécaniques1","sous sol","PIECES MECANIQUES","AMORTISSEUR AVANT TOYOTA HILUX","10","Bon état","0"
"17-50-82-40","13 / 01 / 2025","Cheikh GAYE","sous sol","Sous sol mécaniques1","sous sol","PIECES MECANIQUES","AMPOULE H4 SUZUKI","24","Bon état","0"
"17-50-82-40","13 / 01 / 2025","Cheikh GAYE","sous sol","Sous sol mécaniques1","sous sol","PIECES MECANIQUES","AMPOULE H4 TOYOTA HILUX","24","Bon état","0"
"17-50-82-40","13 / 01 / 2025","Cheikh GAYE","sous sol","Sous sol mécaniques1","sous sol","PIECES MECANIQUES","BALLAIE ESSUIE GLACE TOYOTA HILUX","10","Bon état","0"
"17-50-82-40","13 / 01 / 2025","Cheikh GAYE","sous sol","Sous sol mécaniques1","sous sol","PIECES MECANIQUES","BATTERIE 90 AH SUZUKI","39","Bon état","0"
"17-50-82-40","13 / 01 / 2025","Cheikh GAYE","sous sol","Sous sol mécaniques1","sous sol","PIECES MECANIQUES","BATTERIE 90 AH TOYOTA HILUX","4","Bon état","0"
"17-50-82-40","13 / 01 / 2025","Cheikh GAYE","sous sol","Sous sol mécaniques1","sous sol","PIECES MECANIQUES","BATTERIE POUR TATA","4","Bon état","0"
"17-50-82-40","13 / 01 / 2025","Cheikh GAYE","sous sol","Sous sol mécaniques1","sous sol","PIECES MECANIQUES","BIELLETTE TOYOTA HILUX","20","Bon état","0"
"17-50-82-40","13 / 01 / 2025","Cheikh GAYE","sous sol","Sous sol mécaniques1","sous sol","PIECES MECANIQUES","BOUGIE ALLUMAGE SUZUKI","18","Bon état","0"
"17-50-82-40","13 / 01 / 2025","Cheikh GAYE","sous sol","Sous sol mécaniques1","sous sol","PIECES MECANIQUES","BUTEE TOYOTA HILUX","33","Bon état","0"
"17-50-82-40","13 / 01 / 2025","Cheikh GAYE","sous sol","Sous sol mécaniques1","sous sol","PIECES MECANIQUES","CALANDRE TOYOTA FORTUNER","1","Bon état","0"
"17-50-82-40","13 / 01 / 2025","Cheikh GAYE","sous sol","Sous sol mécaniques1","sous sol","PIECES MECANIQUES","CARDAN DROIT TOYOTA FORTUNER","12","Bon état","0"
"17-50-82-40","13 / 01 / 2025","Cheikh GAYE","sous sol","Sous sol mécaniques1","sous sol","PIECES MECANIQUES","CARDAN DROIT TOYOTA HILUX","3","Bon état","0"
"17-50-82-40","13 / 01 / 2025","Cheikh GAYE","sous sol","Sous sol mécaniques1","sous sol","PIECES MECANIQUES","CARTOUCHE GASOIL WINGLE","6","Bon état","0"
"17-50-82-40","13 / 01 / 2025","Cheikh GAYE","sous sol","Sous sol mécaniques1","sous sol","PIECES MECANIQUES","CERVEAU FREIN TOYOTA FORTUNER","6","Bon état","0"
"17-50-82-40","13 / 01 / 2025","Cheikh GAYE","sous sol","Sous sol mécaniques1","sous sol","PIECES MECANIQUES","CERVEAU FREIN TOYOTA HILUX","10","Bon état","0"
"17-50-82-40","13 / 01 / 2025","Cheikh GAYE","sous sol","Sous sol mécaniques1","sous sol","PIECES MECANIQUES","COMPRESSEUR TOYOTA HILUX","3","Bon état","0"
"17-50-82-40","13 / 01 / 2025","Cheikh GAYE","sous sol","Sous sol mécaniques1","sous sol","PIECES MECANIQUES","CONTACTEUR TOURNANT TOYOTA FORTUNER","6","Bon état","0"
"17-50-82-40","13 / 01 / 2025","Cheikh GAYE","sous sol","Sous sol mécaniques1","sous sol","PIECES MECANIQUES","COURROIE ALTENATEUR LAND CRUISER","6","Bon état","0"
"17-50-82-40","13 / 01 / 2025","Cheikh GAYE","sous sol","Sous sol mécaniques1","sous sol","PIECES MECANIQUES","COURROIE ALTENATEUR SUZUKI","20","Bon état","0"
"17-50-82-40","13 / 01 / 2025","Cheikh GAYE","sous sol","Sous sol mécaniques1","sous sol","PIECES MECANIQUES","COURROIE ALTERNATEUR TOYOTA FORTUNER","8","Bon état","0"
"17-50-82-40","13 / 01 / 2025","Cheikh GAYE","sous sol","Sous sol mécaniques1","sous sol","PIECES MECANIQUES","COURROIE ALTERNATEUR TOYOTA HILUX","94","A déprécier","6"
"17-50-82-40","13 / 01 / 2025","Cheikh GAYE","sous sol","Sous sol mécaniques1","sous sol","PIECES MECANIQUES","COURROIE CLIMATISEUR SUZUKI","20","Bon état","0"
"17-50-82-40","13 / 01 / 2025","Cheikh GAYE","sous sol","Sous sol mécaniques1","sous sol","PIECES MECANIQUES","COURROIE CLIMATISEUR TOYOTA HILUX","64","A déprécier","15"
"17-50-82-40","13 / 01 / 2025","Cheikh GAYE","sous sol","Sous sol mécaniques1","sous sol","PIECES MECANIQUES","COURROIE DISTRIBUTION TOYOTA FORTUNER","73","Bon état","0"
"17-50-82-40","13 / 01 / 2025","Cheikh GAYE","sous sol","Sous sol mécaniques1","sous sol","PIECES MECANIQUES","COURROIE DISTRIBUTION TOYOTA HILUX","68","Bon état","0"
"17-50-82-40","13 / 01 / 2025","Cheikh GAYE","sous sol","Sous sol mécaniques1","sous sol","PIECES MECANIQUES","COURROIE DISTRIBUTION WINGLE","47","A déprécier","47"
"17-50-82-40","13 / 01 / 2025","Cheikh GAYE","sous sol","Sous sol mécaniques1","sous sol","PIECES MECANIQUES","COURROIE POMPE DIRECTION TOYOTA HILUX","63","A déprécier","15"
"17-50-82-40","13 / 01 / 2025","Cheikh GAYE","sous sol","Sous sol mécaniques1","sous sol","PIECES MECANIQUES","COURROIE POMPE LAND CRUISER","3","Bon état","0"
"17-50-82-40","13 / 01 / 2025","Cheikh GAYE","sous sol","Sous sol mécaniques1","sous sol","PIECES MECANIQUES","COURROIE POMPE TOYOTA FORTUNER","2","Bon état","0"
"17-50-82-40","13 / 01 / 2025","Cheikh GAYE","sous sol","Sous sol mécaniques1","sous sol","PIECES MECANIQUES","COURROIE POMPE TOYOTA HILUX","9","Bon état","0"
"17-50-82-40","13 / 01 / 2025","Cheikh GAYE","sous sol","Sous sol mécaniques1","sous sol","PIECES MECANIQUES","CRIQUE SUZUKI","6","Bon état","0"
"17-50-82-40","13 / 01 / 2025","Cheikh GAYE","sous sol","Sous sol mécaniques1","sous sol","PIECES MECANIQUES","DISQUE D'EMBRAYAGE HILUX","69","Bon état","0"
"17-50-82-40","13 / 01 / 2025","Cheikh GAYE","sous sol","Sous sol mécaniques1","sous sol","PIECES MECANIQUES","DISQUE FREIN AVANT LAND CRUISER","3","Bon état","0"
"17-50-82-40","13 / 01 / 2025","Cheikh GAYE","sous sol","Sous sol mécaniques1","sous sol","PIECES MECANIQUES","DISQUE FREIN AVANT TOYOTA PRADO","2","Bon état","0"
"17-50-82-40","13 / 01 / 2025","Cheikh GAYE","sous sol","Sous sol mécaniques1","sous sol","PIECES MECANIQUES","DISQUE FREIN TOYOTA HILUX","32","Bon état","0"
"17-50-82-40","13 / 01 / 2025","Cheikh GAYE","sous sol","Sous sol mécaniques1","sous sol","PIECES MECANIQUES","DISQUE FUSEE ( DISQUE FREIN) TOYOTA FORTUNER","1","Bon état","0"
"17-50-82-40","13 / 01 / 2025","Cheikh GAYE","sous sol","Sous sol mécaniques1","sous sol","PIECES MECANIQUES","DISQUE FUSEE (DISQUE FREIN) SUZUKI","6","Bon état","0"
"17-50-82-40","13 / 01 / 2025","Cheikh GAYE","sous sol","Sous sol mécaniques1","sous sol","PIECES MECANIQUES","ECROU DE ROUE SUZUKI","10","Bon état","0"
"17-50-82-40","13 / 01 / 2025","Cheikh GAYE","sous sol","Sous sol mécaniques1","sous sol","PIECES MECANIQUES","ETRILLE DROITE TOYOTA HILUX","2","Bon état","0"
"17-50-82-40","13 / 01 / 2025","Cheikh GAYE","sous sol","Sous sol mécaniques1","sous sol","PIECES MECANIQUES","ETRILLE GAUCHE TOYOTA HILUX","5","Bon état","0"
"17-50-82-40","13 / 01 / 2025","Cheikh GAYE","sous sol","Sous sol mécaniques1","sous sol","PIECES MECANIQUES","FEU AR GAUCHE TOYOTA LAND CRUISER","16","Bon état","0"
"17-50-82-40","13 / 01 / 2025","Cheikh GAYE","sous sol","Sous sol mécaniques1","sous sol","PIECES MECANIQUES","FEU ARRIERE DROIT SUZUKI","3","Bon état","0"
"17-50-82-40","13 / 01 / 2025","Cheikh GAYE","sous sol","Sous sol mécaniques1","sous sol","PIECES MECANIQUES","FEU ARRIERE DROIT TOYOTA FORTUNER","4","Bon état","0"
"17-50-82-40","13 / 01 / 2025","Cheikh GAYE","sous sol","Sous sol mécaniques1","sous sol","PIECES MECANIQUES","FEUX ANTIBROUILLARDS TOYOTA HILUX","1","Bon état","0"
"17-50-82-40","13 / 01 / 2025","Cheikh GAYE","sous sol","Sous sol mécaniques1","sous sol","PIECES MECANIQUES","FILTRE A AIR HAVAL","6","Bon état","0"
"17-50-82-40","13 / 01 / 2025","Cheikh GAYE","sous sol","Sous sol mécaniques1","sous sol","PIECES MECANIQUES","FILTRE A AIR TOYOTA HILUX","9","Bon état","0"
"17-50-82-40","13 / 01 / 2025","Cheikh GAYE","sous sol","Sous sol mécaniques1","sous sol","PIECES MECANIQUES","FILTRE A AIR WINGLE","3","Bon état","0"
"17-50-82-40","13 / 01 / 2025","Cheikh GAYE","sous sol","Sous sol mécaniques1","sous sol","PIECES MECANIQUES","FREDO TOYOTA HILUX","86","A déprécier","24"
"17-50-82-40","13 / 01 / 2025","Cheikh GAYE","sous sol","Sous sol mécaniques1","sous sol","PIECES MECANIQUES","FREDO TOYOTA PRADO","2","Bon état","0"
"17-50-82-40","13 / 01 / 2025","Cheikh GAYE","sous sol","Sous sol mécaniques1","sous sol","PIECES MECANIQUES","GOUJON DE ROUE ARRIERE SUZUKI","20","Bon état","0"
"17-50-82-40","13 / 01 / 2025","Cheikh GAYE","sous sol","Sous sol mécaniques1","sous sol","PIECES MECANIQUES","GOUJON DE ROUE ARRIERE TOYOTA FORTUNER","30","Bon état","0"
"17-50-82-40","13 / 01 / 2025","Cheikh GAYE","sous sol","Sous sol mécaniques1","sous sol","PIECES MECANIQUES","GOUJON DE ROUE ARRIERE TOYOTA HILUX","11","Bon état","0"
"17-50-82-40","13 / 01 / 2025","Cheikh GAYE","sous sol","Sous sol mécaniques1","sous sol","PIECES MECANIQUES","JOINT DE CULASSE TOYOTA HILUX","2","Bon état","0"
"17-50-82-40","13 / 01 / 2025","Cheikh GAYE","sous sol","Sous sol mécaniques1","sous sol","PIECES MECANIQUES","KAMEDO TOYOTA FORTUNER","5","Bon état","0"
"17-50-82-40","13 / 01 / 2025","Cheikh GAYE","sous sol","Sous sol mécaniques1","sous sol","PIECES MECANIQUES","KAMEDO TOYOTA HILUX","10","Bon état","0"
"17-50-82-40","13 / 01 / 2025","Cheikh GAYE","sous sol","Sous sol mécaniques1","sous sol","PIECES MECANIQUES","KIT EMBRAYAGE (DISQUE EMBRAYAGE, PLATEAU EMBRAYAGE ET BUTEE EMBRAYAGE) SUZUKI","16","Bon état","0"
"17-50-82-40","13 / 01 / 2025","Cheikh GAYE","sous sol","Sous sol mécaniques1","sous sol","PIECES MECANIQUES","KLAXON SUZUKI","5","Bon état","0"
"17-50-82-40","13 / 01 / 2025","Cheikh GAYE","sous sol","Sous sol mécaniques1","sous sol","PIECES MECANIQUES","KLAXON TOYOTA FORTUNER","6","Bon état","0"
"17-50-82-40","13 / 01 / 2025","Cheikh GAYE","sous sol","Sous sol mécaniques1","sous sol","PIECES MECANIQUES","KLAXON TOYOTA HILUX","11","Bon état","0"
"17-50-82-40","13 / 01 / 2025","Cheikh GAYE","sous sol","Sous sol mécaniques1","sous sol","PIECES MECANIQUES","MACHOIR FREIN FREDO TOYOTA HILUX","1","Bon état","0"
"17-50-82-40","13 / 01 / 2025","Cheikh GAYE","sous sol","Sous sol mécaniques1","sous sol","PIECES MECANIQUES","MACHOIRE FREIN ARRIERE (FREDO) MITSUBISHI L200","11","Bon état","0"
"17-50-82-40","13 / 01 / 2025","Cheikh GAYE","sous sol","Sous sol mécaniques1","sous sol","PIECES MECANIQUES","MACHOIRES FREINS AR KIT WING (FREDO)","20","Bon état","0"
"17-50-82-40","13 / 01 / 2025","Cheikh GAYE","sous sol","Sous sol mécaniques1","sous sol","PIECES MECANIQUES","MAITRE CYLINDRE EMBRAYAGE EMETTEUR TOYOTA HILUX","20","Bon état","0"
"17-50-82-40","13 / 01 / 2025","Cheikh GAYE","sous sol","Sous sol mécaniques1","sous sol","PIECES MECANIQUES","MAITRE -CYLINDRE EMBRAYAGE RECEPTEUR TOYOTA HILUX","60","Bon état","0"
"17-50-82-40","13 / 01 / 2025","Cheikh GAYE","sous sol","Sous sol mécaniques1","sous sol","PIECES MECANIQUES","MAITRE CYLINDRE FREIN SUZUKI","9","Bon état","0"
"17-50-82-40","13 / 01 / 2025","Cheikh GAYE","sous sol","Sous sol mécaniques1","sous sol","PIECES MECANIQUES","MAITRE -CYLINDRE FREIN TOYOTA HILUX","14","Bon état","0"
"17-50-82-40","13 / 01 / 2025","Cheikh GAYE","sous sol","Sous sol mécaniques1","sous sol","PIECES MECANIQUES","MAITRE-CYLINDRE EMBRAYAGE RECEPTEUR TOYOTA FORTUNER","6","Bon état","0"
"17-50-82-40","13 / 01 / 2025","Cheikh GAYE","sous sol","Sous sol mécaniques1","sous sol","PIECES MECANIQUES","PARA- BRISE ARRIERE TOYOTA FORTUNER","2","Bon état","0"
"17-50-82-40","13 / 01 / 2025","Cheikh GAYE","sous sol","Sous sol mécaniques1","sous sol","PIECES MECANIQUES","PARABRISE ARRIERE SUZUKI","10","Bon état","0"
"17-50-82-40","13 / 01 / 2025","Cheikh GAYE","sous sol","Sous sol mécaniques1","sous sol","PIECES MECANIQUES","PARABRISE AVANT SUZUKI","5","Bon état","0"
"17-50-82-40","13 / 01 / 2025","Cheikh GAYE","sous sol","Sous sol mécaniques1","sous sol","PIECES MECANIQUES","PARE BRISE ARRIERE TOYOTA HILUX","7","Bon état","0"
"17-50-82-40","13 / 01 / 2025","Cheikh GAYE","sous sol","Sous sol mécaniques1","sous sol","PIECES MECANIQUES","PARE CHOC TOYOTA FORTUNER","1","Bon état","0"
"17-50-82-40","13 / 01 / 2025","Cheikh GAYE","sous sol","Sous sol mécaniques1","sous sol","PIECES MECANIQUES","PHARE DROIT SUZUKI","5","Bon état","0"
"17-50-82-40","13 / 01 / 2025","Cheikh GAYE","sous sol","Sous sol mécaniques1","sous sol","PIECES MECANIQUES","PHARE DROIT TOYOTA HILUX ancien mod?le","2","Bon état","0"
"17-50-82-40","13 / 01 / 2025","Cheikh GAYE","sous sol","Sous sol mécaniques1","sous sol","PIECES MECANIQUES","PHARE DROIT TOYOTA PRADO","1","Bon état","0"
"17-50-82-40","13 / 01 / 2025","Cheikh GAYE","sous sol","Sous sol mécaniques1","sous sol","PIECES MECANIQUES","PHARE DROITE LAND CRUISER","4","Bon état","0"
"17-50-82-40","13 / 01 / 2025","Cheikh GAYE","sous sol","Sous sol mécaniques1","sous sol","PIECES MECANIQUES","PHARE GAUCHE LAND CRUISER","6","Bon état","0"
"17-50-82-40","13 / 01 / 2025","Cheikh GAYE","sous sol","Sous sol mécaniques1","sous sol","PIECES MECANIQUES","PHARE GAUCHE SUZUKI","5","Bon état","0"
"17-50-82-40","13 / 01 / 2025","Cheikh GAYE","sous sol","Sous sol mécaniques1","sous sol","PIECES MECANIQUES","PHARE GAUCHE TOYOTA HILUX ancien mod?le","2","Bon état","0"
"17-50-82-40","13 / 01 / 2025","Cheikh GAYE","sous sol","Sous sol mécaniques1","sous sol","PIECES MECANIQUES","PHARE GAUCHE TOYOTA PRADO","1","Bon état","0"
"17-50-82-40","13 / 01 / 2025","Cheikh GAYE","sous sol","Sous sol mécaniques1","sous sol","PIECES MECANIQUES","PLAQUE D'IMMATRICULATION TOYOTA HILUX","10","Bon état","0"
"17-50-82-40","13 / 01 / 2025","Cheikh GAYE","sous sol","Sous sol mécaniques1","sous sol","PIECES MECANIQUES","PLAQUETTE FREIN ARRIERE SUZUKI","21","Bon état","0"
"17-50-82-40","13 / 01 / 2025","Cheikh GAYE","sous sol","Sous sol mécaniques1","sous sol","PIECES MECANIQUES","PLAQUETTE FREIN AVANT SUZUKI","41","Bon état","0"
"17-50-82-40","13 / 01 / 2025","Cheikh GAYE","sous sol","Sous sol mécaniques1","sous sol","PIECES MECANIQUES","PLAQUETTE FREIN TOYOTA HILUX","97","Bon état","0"
"17-50-82-40","13 / 01 / 2025","Cheikh GAYE","sous sol","Sous sol mécaniques1","sous sol","PIECES MECANIQUES","PLAQUETTES AVANT TOYOTA FORTUNER","39","Bon état","0"
"17-50-82-40","13 / 01 / 2025","Cheikh GAYE","sous sol","Sous sol mécaniques1","sous sol","PIECES MECANIQUES","PLAQUETTES TOYOTA HILUX","5","Bon état","0"
"17-50-82-40","13 / 01 / 2025","Cheikh GAYE","sous sol","Sous sol mécaniques1","sous sol","PIECES MECANIQUES","PNEU 195/65 R15","1","Bon état","0"
"17-50-82-40","13 / 01 / 2025","Cheikh GAYE","sous sol","Sous sol mécaniques1","sous sol","PIECES MECANIQUES","PNEU 205/80 R16","11","Bon état","0"
"17-50-82-40","13 / 01 / 2025","Cheikh GAYE","sous sol","Sous sol mécaniques1","sous sol","PIECES MECANIQUES","PNEU 205/R16 C","46","Bon état","0"
"17-50-82-40","13 / 01 / 2025","Cheikh GAYE","sous sol","Sous sol mécaniques1","sous sol","PIECES MECANIQUES","PNEU 215/60 R16","6","Bon état","0"
"17-50-82-40","13 / 01 / 2025","Cheikh GAYE","sous sol","Sous sol mécaniques1","sous sol","PIECES MECANIQUES","PNEU 215/65R 16","40","Bon état","0"
"17-50-82-40","13 / 01 / 2025","Cheikh GAYE","sous sol","Sous sol mécaniques1","sous sol","PIECES MECANIQUES","PNEU 215/70 R16","20","Bon état","0"
"17-50-82-40","13 / 01 / 2025","Cheikh GAYE","sous sol","Sous sol mécaniques1","sous sol","PIECES MECANIQUES","PNEU 225/75 R16","5","Bon état","0"
"17-50-82-40","13 / 01 / 2025","Cheikh GAYE","sous sol","Sous sol mécaniques1","sous sol","PIECES MECANIQUES","PNEU 235/70 R16","5","Bon état","0"
"17-50-82-40","13 / 01 / 2025","Cheikh GAYE","sous sol","Sous sol mécaniques1","sous sol","PIECES MECANIQUES","PNEU 265/65 R17","66","Bon état","0"
"17-50-82-40","13 / 01 / 2025","Cheikh GAYE","sous sol","Sous sol mécaniques1","sous sol","PIECES MECANIQUES","PNEU 275/70 R 16","4","Bon état","0"
"17-50-82-40","13 / 01 / 2025","Cheikh GAYE","sous sol","Sous sol mécaniques1","sous sol","PIECES MECANIQUES","PNEU 750/16 - TATA","4","Bon état","0"
"17-50-82-40","13 / 01 / 2025","Cheikh GAYE","sous sol","Sous sol mécaniques1","sous sol","PIECES MECANIQUES","POLIS TENDEUR TOYOTA HILUX","3","Bon état","0"
"17-50-82-40","13 / 01 / 2025","Cheikh GAYE","sous sol","Sous sol mécaniques1","sous sol","PIECES MECANIQUES","POMPE DE DIRECTION TOYOTA FORTUNER","2","Bon état","0"
"17-50-82-40","13 / 01 / 2025","Cheikh GAYE","sous sol","Sous sol mécaniques1","sous sol","PIECES MECANIQUES","POMPE DE DIRECTION TOYOTA HILUX","30","Bon état","0"
"17-50-82-40","13 / 01 / 2025","Cheikh GAYE","sous sol","Sous sol mécaniques1","sous sol","PIECES MECANIQUES","RADIATEUR TOYOTA HILUX","1","Bon état","0"
"17-50-82-40","13 / 01 / 2025","Cheikh GAYE","sous sol","Sous sol mécaniques1","sous sol","PIECES MECANIQUES","RELAI CENTRAL TOYOTA HILUX","5","Bon état","0"
"17-50-82-40","13 / 01 / 2025","Cheikh GAYE","sous sol","Sous sol mécaniques1","sous sol","PIECES MECANIQUES","RETROVISEUR DROIT SUZUKI","2","Bon état","0"
"17-50-82-40","13 / 01 / 2025","Cheikh GAYE","sous sol","Sous sol mécaniques1","sous sol","PIECES MECANIQUES","RETROVISEUR DROIT TOYOTA HILUX","10","Bon état","0"
"17-50-82-40","13 / 01 / 2025","Cheikh GAYE","sous sol","Sous sol mécaniques1","sous sol","PIECES MECANIQUES","RETROVISEUR DROITE LAND CRUISER","3","Bon état","0"
"17-50-82-40","13 / 01 / 2025","Cheikh GAYE","sous sol","Sous sol mécaniques1","sous sol","PIECES MECANIQUES","RETROVISEUR GAUCHE LAND CRUISER","5","Bon état","0"
"17-50-82-40","13 / 01 / 2025","Cheikh GAYE","sous sol","Sous sol mécaniques1","sous sol","PIECES MECANIQUES","RETROVISEUR GAUCHE SUZUKI","3","Bon état","0"
"17-50-82-40","13 / 01 / 2025","Cheikh GAYE","sous sol","Sous sol mécaniques1","sous sol","PIECES MECANIQUES","RETROVISEUR GAUCHE TOYOTA HILUX","4","Bon état","0"
"17-50-82-40","13 / 01 / 2025","Cheikh GAYE","sous sol","Sous sol mécaniques1","sous sol","PIECES MECANIQUES","SILENT BLOC TOYOTA HILUX","48","Bon état","0"
"17-50-82-40","13 / 01 / 2025","Cheikh GAYE","sous sol","Sous sol mécaniques1","sous sol","PIECES MECANIQUES","TAMBOUR TOYOTA HILUX","29","Bon état","0"
"73-70-61-79","05 / 02 / 2025","Moustapha Fallilou Ndiaye","SOUS SOL","Sous sol électricité","SS","ELECTRICITE","AMPOULE LED 24 VOLTS ENCASTRE","142","Bon état","0"
"73-70-61-79","05 / 02 / 2025","Moustapha Fallilou Ndiaye","SOUS SOL","Sous sol électricité","SS","ELECTRICITE","AMPOULE LINOLITE","48","Bon état","0"
"73-70-61-79","05 / 02 / 2025","Moustapha Fallilou Ndiaye","SOUS SOL","Sous sol électricité","SS","ELECTRICITE","AMPOULE REGLETTE 0,60m","76","Bon état","0"
"73-70-61-79","05 / 02 / 2025","Moustapha Fallilou Ndiaye","SOUS SOL","Sous sol électricité","SS","ELECTRICITE","AMPOULE REGLETTE 1,20m","35","Bon état","0"
"73-70-61-79","05 / 02 / 2025","Moustapha Fallilou Ndiaye","SOUS SOL","Sous sol électricité","SS","ELECTRICITE","AMPOULE SPOT ENCASTRE 13W/840/4P","207","À déprécier","207"
"73-70-61-79","05 / 02 / 2025","Moustapha Fallilou Ndiaye","SOUS SOL","Sous sol électricité","SS","ELECTRICITE","ATTACHE N10 INGELEC","8","Bon état","0"
"73-70-61-79","05 / 02 / 2025","Moustapha Fallilou Ndiaye","SOUS SOL","Sous sol électricité","SS","ELECTRICITE","CABLE SOUPLE 3X1,5","3","Bon état","0"
"73-70-61-79","05 / 02 / 2025","Moustapha Fallilou Ndiaye","SOUS SOL","Sous sol électricité","SS","ELECTRICITE","CABLE SOUPLE 3X2,5","3","Bon état","0"
"73-70-61-79","05 / 02 / 2025","Moustapha Fallilou Ndiaye","SOUS SOL","Sous sol électricité","SS","ELECTRICITE","CHEVILLE DIAM 8MM","3","Bon état","0"
"73-70-61-79","05 / 02 / 2025","Moustapha Fallilou Ndiaye","SOUS SOL","Sous sol électricité","SS","ELECTRICITE","CONTRACTEUR F1854 SCHNEIDER","1","Bon état","0"
"73-70-61-79","05 / 02 / 2025","Moustapha Fallilou Ndiaye","SOUS SOL","Sous sol électricité","SS","ELECTRICITE","DISMATIC","9","À déprécier","9"
"73-70-61-79","05 / 02 / 2025","Moustapha Fallilou Ndiaye","SOUS SOL","Sous sol électricité","SS","ELECTRICITE","DOUILEE A CROCHET","17","Bon état","0"
"73-70-61-79","05 / 02 / 2025","Moustapha Fallilou Ndiaye","SOUS SOL","Sous sol électricité","SS","ELECTRICITE","INTER ENC KENZI SA","17","À déprécier","17"
"73-70-61-79","05 / 02 / 2025","Moustapha Fallilou Ndiaye","SOUS SOL","Sous sol électricité","SS","ELECTRICITE","INTERRUPTEUR INGELEC","41","Bon état","0"
"73-70-61-79","05 / 02 / 2025","Moustapha Fallilou Ndiaye","SOUS SOL","Sous sol électricité","SS","ELECTRICITE","MINUTERIE MODULAIRE ING","5","Bon état","0"
"73-70-61-79","05 / 02 / 2025","Moustapha Fallilou Ndiaye","SOUS SOL","Sous sol électricité","SS","ELECTRICITE","MOD BOUTON POUSSOIR 2 MOD MOSAIC LE GRAND","20","Bon état","0"
"73-70-61-79","05 / 02 / 2025","Moustapha Fallilou Ndiaye","SOUS SOL","Sous sol électricité","SS","ELECTRICITE","MOD PC 2P+ T INGELEC +SUPPORT","6","À déprécier","6"
"73-70-61-79","05 / 02 / 2025","Moustapha Fallilou Ndiaye","SOUS SOL","Sous sol électricité","SS","ELECTRICITE","PROJECTEUR LED 50 W","20","Bon état","0"
"73-70-61-79","05 / 02 / 2025","Moustapha Fallilou Ndiaye","SOUS SOL","Sous sol électricité","SS","ELECTRICITE","REGLETTE 0,60M INGELEC","16","Bon état","0"
"73-70-61-79","05 / 02 / 2025","Moustapha Fallilou Ndiaye","SOUS SOL","Sous sol électricité","SS","ELECTRICITE","REGLETTE 1,20 1X36W ETANCHE","5","Bon état","0"
"73-70-61-79","05 / 02 / 2025","Moustapha Fallilou Ndiaye","SOUS SOL","Sous sol électricité","SS","ELECTRICITE","REGLETTE 1,20 2X36W ETANCHE","20","Bon état","0"
"73-70-61-79","05 / 02 / 2025","Moustapha Fallilou Ndiaye","SOUS SOL","Sous sol électricité","SS","ELECTRICITE","REGLETTE 1,20m INGELEC","6","Bon état","0"
"73-70-61-79","05 / 02 / 2025","Moustapha Fallilou Ndiaye","SOUS SOL","Sous sol électricité","SS","ELECTRICITE","ROULEAU SCOTCH BLEU","5","Bon état","0"
"73-70-61-79","05 / 02 / 2025","Moustapha Fallilou Ndiaye","SOUS SOL","Sous sol électricité","SS","ELECTRICITE","ROULEAU SCOTCH ROUGE","6","Bon état","0"
"73-70-61-79","05 / 02 / 2025","Moustapha Fallilou Ndiaye","SOUS SOL","Sous sol électricité","SS","ELECTRICITE","ROULEAU SCOTCH V/J","5","Bon état","0"
"73-70-61-79","05 / 02 / 2025","Moustapha Fallilou Ndiaye","SOUS SOL","Sous sol électricité","SS","ELECTRICITE","STARTER","111","Bon état","0"
"73-70-61-79","05 / 02 / 2025","Moustapha Fallilou Ndiaye","SOUS SOL","Sous sol électricité","SS","ELECTRICITE","TELERUPTEUR MODULAIRE ING","3","À déprécier","3"
"73-70-61-79","05 / 02 / 2025","Moustapha Fallilou Ndiaye","SOUS SOL","Sous sol électricité","SS","ELECTRICITE","MOD 4P 32A","4","À déprécier","4"
"73-70-61-79","05 / 02 / 2025","Moustapha Fallilou Ndiaye","SOUS SOL","Sous sol électricité","SS","ELECTRICITE","MOD 4P 63A","2","À déprécier","2"
"73-70-61-79","05 / 02 / 2025","Moustapha Fallilou Ndiaye","SOUS SOL","Sous sol électricité","SS","ELECTRICITE","MOD 4P 50A","1","À déprécier","1"
"73-70-61-79","05 / 02 / 2025","Moustapha Fallilou Ndiaye","SOUS SOL","Sous sol électricité","SS","ELECTRICITE","MOD 4P 25A","4","À déprécier","4"
"73-70-61-79","05 / 02 / 2025","Moustapha Fallilou Ndiaye","SOUS SOL","Sous sol électricité","SS","ELECTRICITE","VIS A BOIS 1X8 4X25","2","Bon état","0"
"73-70-61-79","05 / 02 / 2025","Moustapha Fallilou Ndiaye","SOUS SOL","Sous sol électricité","SS","PLOMBERIE","PAQUET TIREFOND 12*60MM","8","Bon état","0"
"73-70-61-79","05 / 02 / 2025","Moustapha Fallilou Ndiaye","SOUS SOL","Sous sol électricité","SS","PLOMBERIE","PQ DOMINO 10MM BARRETTE","7","Bon état","0"
"95-87-14-58","05 / 02 / 2025","Moustapha Fallilou Ndiaye","SOUS SOL","Sous-sol fournitures","SS","FOURNITURES DE BUREAU","BLOC NOTES PERSONNALISE EHCVM GM","2100","Bon état","0"
"95-87-14-58","05 / 02 / 2025","Moustapha Fallilou Ndiaye","SOUS SOL","Sous-sol fournitures","SS","AUTRES FOURNITURES ET CONSOMMABLES","GEL ANTISEPTIQUE GM","576","Bon état","0"
"95-87-14-58","05 / 02 / 2025","Moustapha Fallilou Ndiaye","SOUS SOL","Sous-sol fournitures","SS","FOURNITURES DE BUREAU","PAQUET DE 100 REGLETTES SPIRALES 6MM","65","Bon état","0"
"95-87-14-58","05 / 02 / 2025","Moustapha Fallilou Ndiaye","SOUS SOL","Sous-sol fournitures","SS","FOURNITURES DE BUREAU","PARAPHEUR","337","Bon état","0"
"95-87-14-58","05 / 02 / 2025","Moustapha Fallilou Ndiaye","SOUS SOL","Sous-sol fournitures","SS","FOURNITURES DE BUREAU","PILE GM","13954","Bon état","0"
"95-87-14-58","05 / 02 / 2025","Moustapha Fallilou Ndiaye","SOUS SOL","Sous-sol fournitures","SS","FOURNITURES DE BUREAU","ROULEAU SCOTCH GM VISIBLE","219","Bon état","0"
"95-87-14-58","05 / 02 / 2025","Moustapha Fallilou Ndiaye","SOUS SOL","Sous-sol fournitures","SS","FOURNITURES DE BUREAU","SOUS MAIN CLAPETTE","158","Bon état","0"
"95-87-14-58","05 / 02 / 2025","Moustapha Fallilou Ndiaye","SOUS SOL","Sous-sol fournitures","SS","AUTRES FOURNITURES ET CONSOMMABLES","SAVON LIQUIDE 500ML","432","Bon état","0"
"95-87-14-58","05 / 02 / 2025","Moustapha Fallilou Ndiaye","SOUS SOL","Sous-sol fournitures","SS","FOURNITURES DE BUREAU","REGLETTE SPIRALE 08MM","1","Bon état","0"
"95-87-14-58","05 / 02 / 2025","Moustapha Fallilou Ndiaye","SOUS SOL","Sous-sol fournitures","SS","FOURNITURES DE BUREAU","REGLETTE SPIRALE 10MM","7","Bon état","0"
"95-87-14-58","05 / 02 / 2025","Moustapha Fallilou Ndiaye","SOUS SOL","Sous-sol fournitures","SS","FOURNITURES DE BUREAU","REGLETTE SPIRALE 12MM","12","Bon état","0"
"95-87-14-58","05 / 02 / 2025","Moustapha Fallilou Ndiaye","SOUS SOL","Sous-sol fournitures","SS","FOURNITURES DE BUREAU","REGLETTE SPIRALE 14MM","34","Bon état","0"
"95-87-14-58","05 / 02 / 2025","Moustapha Fallilou Ndiaye","SOUS SOL","Sous-sol fournitures","SS","FOURNITURES DE BUREAU","REGLETTE SPIRALE 16MM","7","Bon état","0"
"95-87-14-58","05 / 02 / 2025","Moustapha Fallilou Ndiaye","SOUS SOL","Sous-sol fournitures","SS","FOURNITURES DE BUREAU","REGLETTE SPIRALE 18MM","17","Bon état","0"
"95-87-14-58","05 / 02 / 2025","Moustapha Fallilou Ndiaye","SOUS SOL","Sous-sol fournitures","SS","FOURNITURES DE BUREAU","REGLETTE SPIRALE 22MM","18","Bon état","0"
"95-87-14-58","05 / 02 / 2025","Moustapha Fallilou Ndiaye","SOUS SOL","Sous-sol fournitures","SS","FOURNITURES DE BUREAU","REGLETTE SPIRALE 25MM","3","Bon état","0"
"95-87-14-58","05 / 02 / 2025","Moustapha Fallilou Ndiaye","SOUS SOL","Sous-sol fournitures","SS","FOURNITURES DE BUREAU","REGLETTE SPIRALE 32MM","5","Bon état","0"
"95-87-14-58","05 / 02 / 2025","Moustapha Fallilou Ndiaye","SOUS SOL","Sous-sol fournitures","SS","FOURNITURES DE BUREAU","REGLETTE SPIRALE 38MM","17","Bon état","0"
"95-94-24-96","07 / 02 / 2025","Moustapha Fallilou Ndiaye","SOUS SOL","Sous-sol fournitures","SS","CONSOMMABLES INFORMATIQUES","CANON GPR I6 CEXV12","10","A déprécier","20"
"95-94-24-96","07 / 02 / 2025","Moustapha Fallilou Ndiaye","SOUS SOL","Sous-sol fournitures","SS","CONSOMMABLES INFORMATIQUES","CARTOUCHE 7115X","1","A déprécier","1"
"95-94-24-96","07 / 02 / 2025","Moustapha Fallilou Ndiaye","SOUS SOL","Sous-sol fournitures","SS","CONSOMMABLES INFORMATIQUES","CARTOUCHE HP 125A","5","A déprécier","5"
"95-94-24-96","07 / 02 / 2025","Moustapha Fallilou Ndiaye","SOUS SOL","Sous-sol fournitures","SS","CONSOMMABLES INFORMATIQUES","CARTOUCHE HP 26A CF226A","1","A déprécier","1"
"95-94-24-96","07 / 02 / 2025","Moustapha Fallilou Ndiaye","SOUS SOL","Sous-sol fournitures","SS","CONSOMMABLES INFORMATIQUES","CARTOUCHE HP 304A BLEU","3","A déprécier","3"
"95-94-24-96","07 / 02 / 2025","Moustapha Fallilou Ndiaye","SOUS SOL","Sous-sol fournitures","SS","CONSOMMABLES INFORMATIQUES","CARTOUCHE HP 304A JAUNE","3","A déprécier","3"
"95-94-24-96","07 / 02 / 2025","Moustapha Fallilou Ndiaye","SOUS SOL","Sous-sol fournitures","SS","CONSOMMABLES INFORMATIQUES","CARTOUCHE HP 304A NOIR","2","A déprécier","2"
"95-94-24-96","07 / 02 / 2025","Moustapha Fallilou Ndiaye","SOUS SOL","Sous-sol fournitures","SS","CONSOMMABLES INFORMATIQUES","CARTOUCHE HP 304A ROUGE","3","A déprécier","3"
"95-94-24-96","07 / 02 / 2025","Moustapha Fallilou Ndiaye","SOUS SOL","Sous-sol fournitures","SS","CONSOMMABLES INFORMATIQUES","CARTOUCHE HP 410A BLEU","1","A déprécier","1"
"95-94-24-96","07 / 02 / 2025","Moustapha Fallilou Ndiaye","SOUS SOL","Sous-sol fournitures","SS","CONSOMMABLES INFORMATIQUES","CARTOUCHE HP 410A JAUNE","4","A déprécier","4"
"95-94-24-96","07 / 02 / 2025","Moustapha Fallilou Ndiaye","SOUS SOL","Sous-sol fournitures","SS","CONSOMMABLES INFORMATIQUES","CARTOUCHE HP 410A NOIR","1","A déprécier","1"
"95-94-24-96","07 / 02 / 2025","Moustapha Fallilou Ndiaye","SOUS SOL","Sous-sol fournitures","SS","CONSOMMABLES INFORMATIQUES","CARTOUCHE HP 410A ROUGE","2","A déprécier","2"
"95-94-24-96","07 / 02 / 2025","Moustapha Fallilou Ndiaye","SOUS SOL","Sous-sol fournitures","SS","CONSOMMABLES INFORMATIQUES","CARTOUCHE HP 51A","2","A déprécier","2"
"95-94-24-96","07 / 02 / 2025","Moustapha Fallilou Ndiaye","SOUS SOL","Sous-sol fournitures","SS","CONSOMMABLES INFORMATIQUES","CARTOUCHE HP 78A","2","A déprécier","2"
"95-94-24-96","07 / 02 / 2025","Moustapha Fallilou Ndiaye","SOUS SOL","Sous-sol fournitures","SS","CONSOMMABLES INFORMATIQUES","CARTOUCHE HP 96A","9","A déprécier","9"
"95-94-24-96","07 / 02 / 2025","Moustapha Fallilou Ndiaye","SOUS SOL","Sous-sol fournitures","SS","CONSOMMABLES INFORMATIQUES","CARTOUCHE HP C 8061 X","4","A déprécier","4"
"95-94-24-96","07 / 02 / 2025","Moustapha Fallilou Ndiaye","SOUS SOL","Sous-sol fournitures","SS","CONSOMMABLES INFORMATIQUES","CARTOUCHE HP CE250XC","1","A déprécier","1"
"95-94-24-96","07 / 02 / 2025","Moustapha Fallilou Ndiaye","SOUS SOL","Sous-sol fournitures","SS","CONSOMMABLES INFORMATIQUES","CARTOUCHE HP DESK 88 BLEU","1","A déprécier","1"
"95-94-24-96","07 / 02 / 2025","Moustapha Fallilou Ndiaye","SOUS SOL","Sous-sol fournitures","SS","CONSOMMABLES INFORMATIQUES","CARTOUCHE HP DESK 88 JAUNE","2","A déprécier","2"
"95-94-24-96","07 / 02 / 2025","Moustapha Fallilou Ndiaye","SOUS SOL","Sous-sol fournitures","SS","CONSOMMABLES INFORMATIQUES","CARTOUCHE HP DESK 88 NOIR","1","A déprécier","1"
"95-94-24-96","07 / 02 / 2025","Moustapha Fallilou Ndiaye","SOUS SOL","Sous-sol fournitures","SS","CONSOMMABLES INFORMATIQUES","CARTOUCHE HP DESK 88 ROUGE","1","A déprécier","1"
"95-94-24-96","07 / 02 / 2025","Moustapha Fallilou Ndiaye","SOUS SOL","Sous-sol fournitures","SS","CONSOMMABLES INFORMATIQUES","CARTOUCHE LEXMARK C734 BLEU","4","A déprécier","4"
"95-94-24-96","07 / 02 / 2025","Moustapha Fallilou Ndiaye","SOUS SOL","Sous-sol fournitures","SS","CONSOMMABLES INFORMATIQUES","CARTOUCHE LEXMARK C734 JAUNE","4","A déprécier","4"
"95-94-24-96","07 / 02 / 2025","Moustapha Fallilou Ndiaye","SOUS SOL","Sous-sol fournitures","SS","CONSOMMABLES INFORMATIQUES","CARTOUCHE LEXMARK C734 NOIR","3","A déprécier","3"
"95-94-24-96","07 / 02 / 2025","Moustapha Fallilou Ndiaye","SOUS SOL","Sous-sol fournitures","SS","CONSOMMABLES INFORMATIQUES","CARTOUCHE LEXMARK C734 ROUGE","4","A déprécier","4"
"95-94-24-96","07 / 02 / 2025","Moustapha Fallilou Ndiaye","SOUS SOL","Sous-sol fournitures","SS","CONSOMMABLES INFORMATIQUES","CARTOUCHE LEXMARK MS 310 SERIE","1","A déprécier","1"
"95-94-24-96","07 / 02 / 2025","Moustapha Fallilou Ndiaye","SOUS SOL","Sous-sol fournitures","SS","CONSOMMABLES INFORMATIQUES","CARTOUCHE LEXMARK X264","1","A déprécier","1"
"95-94-24-96","07 / 02 / 2025","Moustapha Fallilou Ndiaye","SOUS SOL","Sous-sol fournitures","SS","CONSOMMABLES INFORMATIQUES","CARTOUCHE MASTER RICOH HQ 40","3","A déprécier","3"
"95-94-24-96","07 / 02 / 2025","Moustapha Fallilou Ndiaye","SOUS SOL","Sous-sol fournitures","SS","CONSOMMABLES INFORMATIQUES","CARTOUCHE OFFICE JET 7500 920 BLEU","4","A déprécier","4"
"95-94-24-96","07 / 02 / 2025","Moustapha Fallilou Ndiaye","SOUS SOL","Sous-sol fournitures","SS","CONSOMMABLES INFORMATIQUES","CARTOUCHE OFFICE JET 7500 920 JAUNE","5","A déprécier","5"
"95-94-24-96","07 / 02 / 2025","Moustapha Fallilou Ndiaye","SOUS SOL","Sous-sol fournitures","SS","CONSOMMABLES INFORMATIQUES","CARTOUCHE OFFICE JET 7500 920 NOIR","3","A déprécier","3"
"95-94-24-96","07 / 02 / 2025","Moustapha Fallilou Ndiaye","SOUS SOL","Sous-sol fournitures","SS","CONSOMMABLES INFORMATIQUES","CARTOUCHE OFFICE JET 7500 920 ROUGE","6","A déprécier","6"
"95-94-24-96","07 / 02 / 2025","Moustapha Fallilou Ndiaye","SOUS SOL","Sous-sol fournitures","SS","CONSOMMABLES INFORMATIQUES","CARTOUCHE RICOH MP 3502 BLEU","9","A déprécier","9"
"95-94-24-96","07 / 02 / 2025","Moustapha Fallilou Ndiaye","SOUS SOL","Sous-sol fournitures","SS","CONSOMMABLES INFORMATIQUES","CARTOUCHE RICOH MP 3502 JAUNE","10","A déprécier","10"
"95-94-24-96","07 / 02 / 2025","Moustapha Fallilou Ndiaye","SOUS SOL","Sous-sol fournitures","SS","CONSOMMABLES INFORMATIQUES","CARTOUCHE RICOH MP 3502 NOIR","1","A déprécier","1"
"95-94-24-96","07 / 02 / 2025","Moustapha Fallilou Ndiaye","SOUS SOL","Sous-sol fournitures","SS","CONSOMMABLES INFORMATIQUES","CARTOUCHE RICOH MP 3502 ROUGE","6","A déprécier","6"
"95-94-24-96","07 / 02 / 2025","Moustapha Fallilou Ndiaye","SOUS SOL","Sous-sol fournitures","SS","CONSOMMABLES INFORMATIQUES","CARTOUCHE RICOH MPC 5000","1","A déprécier","1"
"95-94-24-96","07 / 02 / 2025","Moustapha Fallilou Ndiaye","SOUS SOL","Sous-sol fournitures","SS","CONSOMMABLES INFORMATIQUES","CARTOUCHE XEROX 5030","1","A déprécier","1"
"95-94-24-96","07 / 02 / 2025","Moustapha Fallilou Ndiaye","SOUS SOL","Sous-sol fournitures","SS","CONSOMMABLES INFORMATIQUES","CARTOUCHE XEROX 5230","23","A déprécier","23"
"95-94-24-96","07 / 02 / 2025","Moustapha Fallilou Ndiaye","SOUS SOL","Sous-sol fournitures","SS","CONSOMMABLES INFORMATIQUES","CARTOUCHE XEROX F110","1","A déprécier","1"
"95-94-24-96","07 / 02 / 2025","Moustapha Fallilou Ndiaye","SOUS SOL","Sous-sol fournitures","SS","CONSOMMABLES INFORMATIQUES","CARTOUCHE XEROX F12","1","A déprécier","1"
"95-94-24-96","07 / 02 / 2025","Moustapha Fallilou Ndiaye","SOUS SOL","Sous-sol fournitures","SS","CONSOMMABLES INFORMATIQUES","MULTIPRISE","1173","Bon état","0"
"95-94-24-96","07 / 02 / 2025","Moustapha Fallilou Ndiaye","SOUS SOL","Sous-sol fournitures","SS","CONSOMMABLES INFORMATIQUES","TAMBOUR CANON IR 2525C-EXV32DRUM","2","A déprécier","2"
"95-94-24-96","07 / 02 / 2025","Moustapha Fallilou Ndiaye","SOUS SOL","Sous-sol fournitures","SS","CONSOMMABLES INFORMATIQUES","PANASONIC KX-FA57A","1","A déprécier","1"
"95-94-24-96","07 / 02 / 2025","Moustapha Fallilou Ndiaye","SOUS SOL","Sous-sol fournitures","SS","CONSOMMABLES INFORMATIQUES","CARTOUCHE HP 7581A","2","A déprécier","2"
"95-94-24-96","07 / 02 / 2025","Moustapha Fallilou Ndiaye","SOUS SOL","Sous-sol fournitures","SS","CONSOMMABLES INFORMATIQUES","CARTOUCHE LEXMARK E220","5","A déprécier","5"
"95-94-24-96","07 / 02 / 2025","Moustapha Fallilou Ndiaye","SOUS SOL","Sous-sol fournitures","SS","CONSOMMABLES INFORMATIQUES","CARTOUCHE LEXMARK E120","2","A déprécier","2"
"99-83-81-51","13 / 01 / 2025","Cheikh GAYE","magasin 1","2ème étage magasin1","2e","AUTRES FOURNITURES ET CONSOMMABLES","BOITE DE GANTS","159","Bon état","0"
"99-83-81-51","13 / 01 / 2025","Cheikh GAYE","magasin 1","2ème étage magasin1","2e","AUTRES FOURNITURES ET CONSOMMABLES","DICTIONNAIRE VIDAL","1","Bon état","0"
"99-83-81-51","13 / 01 / 2025","Cheikh GAYE","magasin 1","2ème étage magasin1","2e","AUTRES FOURNITURES ET CONSOMMABLES","LAMPE TORCHE","4","Bon état","0"
"99-83-81-51","13 / 01 / 2025","Cheikh GAYE","magasin 1","2ème étage magasin1","2e","AUTRES FOURNITURES ET CONSOMMABLES","MASQUES CHIRURGICAUX B/50","7","Bon état","0"
"99-83-81-51","13 / 01 / 2025","Cheikh GAYE","magasin 1","2ème étage magasin1","2e","AUTRES FOURNITURES ET CONSOMMABLES","MOUSTIQUAIRE","7","Bon état","0"
"99-83-81-51","13 / 01 / 2025","Cheikh GAYE","magasin 1","2ème étage magasin1","2e","AUTRES FOURNITURES ET CONSOMMABLES","SAVON LIQUIDE","13","Bon état","0"
"99-83-81-51","13 / 01 / 2025","Cheikh GAYE","magasin 1","2ème étage magasin1","2e","AUTRES FOURNITURES ET CONSOMMABLES","VISIERE","3","Bon état","0"
"99-83-81-51","13 / 01 / 2025","Cheikh GAYE","magasin 1","2ème étage magasin1","2e","CONSOMMABLES INFORMATIQUES","BOX WIFI","123","Bon état","0"
"99-83-81-51","13 / 01 / 2025","Cheikh GAYE","magasin 1","2ème étage magasin1","2e","CONSOMMABLES INFORMATIQUES","CARTE MEMOIRE","159","Bon état","0"
"99-83-81-51","13 / 01 / 2025","Cheikh GAYE","magasin 1","2ème étage magasin1","2e","CONSOMMABLES INFORMATIQUES","CARTOUCHE 05A","13","Bon état","0"
"99-83-81-51","13 / 01 / 2025","Cheikh GAYE","magasin 1","2ème étage magasin1","2e","CONSOMMABLES INFORMATIQUES","CARTOUCHE 12A","8","Bon état","0"
"99-83-81-51","13 / 01 / 2025","Cheikh GAYE","magasin 1","2ème étage magasin1","2e","CONSOMMABLES INFORMATIQUES","CARTOUCHE CANON 055 BLEU","1","Bon état","0"
"99-83-81-51","13 / 01 / 2025","Cheikh GAYE","magasin 1","2ème étage magasin1","2e","CONSOMMABLES INFORMATIQUES","CARTOUCHE CANON 055 JAUNE","1","Bon état","0"
"99-83-81-51","13 / 01 / 2025","Cheikh GAYE","magasin 1","2ème étage magasin1","2e","CONSOMMABLES INFORMATIQUES","CARTOUCHE CANON 055 NOIR","1","Bon état","0"
"99-83-81-51","13 / 01 / 2025","Cheikh GAYE","magasin 1","2ème étage magasin1","2e","CONSOMMABLES INFORMATIQUES","CARTOUCHE CANON 055 ROUGE","1","Bon état","0"
"99-83-81-51","13 / 01 / 2025","Cheikh GAYE","magasin 1","2ème étage magasin1","2e","CONSOMMABLES INFORMATIQUES","CARTOUCHE CANON 069 BLEU","2","Bon état","0"
"99-83-81-51","13 / 01 / 2025","Cheikh GAYE","magasin 1","2ème étage magasin1","2e","CONSOMMABLES INFORMATIQUES","CARTOUCHE CANON 069 JAUNE","2","Bon état","0"
"99-83-81-51","13 / 01 / 2025","Cheikh GAYE","magasin 1","2ème étage magasin1","2e","CONSOMMABLES INFORMATIQUES","CARTOUCHE CANON 069 NOIR","2","Bon état","0"
"99-83-81-51","13 / 01 / 2025","Cheikh GAYE","magasin 1","2ème étage magasin1","2e","CONSOMMABLES INFORMATIQUES","CARTOUCHE CANON 069 ROUGE","2","Bon état","0"
"99-83-81-51","13 / 01 / 2025","Cheikh GAYE","magasin 1","2ème étage magasin1","2e","CONSOMMABLES INFORMATIQUES","CARTOUCHE CANON 728","4","Bon état","0"
"99-83-81-51","13 / 01 / 2025","Cheikh GAYE","magasin 1","2ème étage magasin1","2e","CONSOMMABLES INFORMATIQUES","CARTOUCHE CANON CEXV 33 IR-2520","7","Bon état","0"
"99-83-81-51","13 / 01 / 2025","Cheikh GAYE","magasin 1","2ème étage magasin1","2e","CONSOMMABLES INFORMATIQUES","CARTOUCHE CANON CEXV 54 BLEU","5","Bon état","0"
"99-83-81-51","13 / 01 / 2025","Cheikh GAYE","magasin 1","2ème étage magasin1","2e","CONSOMMABLES INFORMATIQUES","CARTOUCHE CANON CEXV 54 JAUNE","7","Bon état","0"
"99-83-81-51","13 / 01 / 2025","Cheikh GAYE","magasin 1","2ème étage magasin1","2e","CONSOMMABLES INFORMATIQUES","CARTOUCHE CANON CEXV 54 NOIR","5","Bon état","0"
"99-83-81-51","13 / 01 / 2025","Cheikh GAYE","magasin 1","2ème étage magasin1","2e","CONSOMMABLES INFORMATIQUES","CARTOUCHE CANON CEXV 54 ROUGE","5","Bon état","0"
"99-83-81-51","13 / 01 / 2025","Cheikh GAYE","magasin 1","2ème étage magasin1","2e","CONSOMMABLES INFORMATIQUES","CARTOUCHE CANON CEXV 60","13","Bon état","0"
"99-83-81-51","13 / 01 / 2025","Cheikh GAYE","magasin 1","2ème étage magasin1","2e","CONSOMMABLES INFORMATIQUES","CARTOUCHE HP 131A BLEU","3","Bon état","0"
"99-83-81-51","13 / 01 / 2025","Cheikh GAYE","magasin 1","2ème étage magasin1","2e","CONSOMMABLES INFORMATIQUES","CARTOUCHE HP 131A JAUNE","3","Bon état","0"
"99-83-81-51","13 / 01 / 2025","Cheikh GAYE","magasin 1","2ème étage magasin1","2e","CONSOMMABLES INFORMATIQUES","CARTOUCHE HP 131A NOIR","3","Bon état","0"
"99-83-81-51","13 / 01 / 2025","Cheikh GAYE","magasin 1","2ème étage magasin1","2e","CONSOMMABLES INFORMATIQUES","CARTOUCHE HP 131A ROUGE","3","Bon état","0"
"99-83-81-51","13 / 01 / 2025","Cheikh GAYE","magasin 1","2ème étage magasin1","2e","CONSOMMABLES INFORMATIQUES","CARTOUCHE HP 201 A JAUNE CF402A","1","Bon état","0"
"99-83-81-51","13 / 01 / 2025","Cheikh GAYE","magasin 1","2ème étage magasin1","2e","CONSOMMABLES INFORMATIQUES","CARTOUCHE HP 201 A NOIR CF400A","1","Bon état","0"
"99-83-81-51","13 / 01 / 2025","Cheikh GAYE","magasin 1","2ème étage magasin1","2e","CONSOMMABLES INFORMATIQUES","CARTOUCHE HP 201 A ROUGE CF403A","1","Bon état","0"
"99-83-81-51","13 / 01 / 2025","Cheikh GAYE","magasin 1","2ème étage magasin1","2e","CONSOMMABLES INFORMATIQUES","CARTOUCHE HP 201A BLEU CF401A","1","Bon état","0"
"99-83-81-51","13 / 01 / 2025","Cheikh GAYE","magasin 1","2ème étage magasin1","2e","CONSOMMABLES INFORMATIQUES","CARTOUCHE HP 26A CF226A","4","Bon état","0"
"99-83-81-51","13 / 01 / 2025","Cheikh GAYE","magasin 1","2ème étage magasin1","2e","CONSOMMABLES INFORMATIQUES","CARTOUCHE HP 304A BLEU","11","A déprécier","11"
"99-83-81-51","13 / 01 / 2025","Cheikh GAYE","magasin 1","2ème étage magasin1","2e","CONSOMMABLES INFORMATIQUES","CARTOUCHE HP 304A JAUNE","11","A déprécier","11"
"99-83-81-51","13 / 01 / 2025","Cheikh GAYE","magasin 1","2ème étage magasin1","2e","CONSOMMABLES INFORMATIQUES","CARTOUCHE HP 304A NOIR","13","A déprécier","13"
"99-83-81-51","13 / 01 / 2025","Cheikh GAYE","magasin 1","2ème étage magasin1","2e","CONSOMMABLES INFORMATIQUES","CARTOUCHE HP 304A ROUGE","11","A déprécier","11"
"99-83-81-51","13 / 01 / 2025","Cheikh GAYE","magasin 1","2ème étage magasin1","2e","CONSOMMABLES INFORMATIQUES","CARTOUCHE HP 30A","3","Bon état","0"
"99-83-81-51","13 / 01 / 2025","Cheikh GAYE","magasin 1","2ème étage magasin1","2e","CONSOMMABLES INFORMATIQUES","CARTOUCHE HP 312A BLEU","2","Bon état","0"
"99-83-81-51","13 / 01 / 2025","Cheikh GAYE","magasin 1","2ème étage magasin1","2e","CONSOMMABLES INFORMATIQUES","CARTOUCHE HP 312A JAUNE","4","Bon état","0"
"99-83-81-51","13 / 01 / 2025","Cheikh GAYE","magasin 1","2ème étage magasin1","2e","CONSOMMABLES INFORMATIQUES","CARTOUCHE HP 312A NOIR","7","Bon état","0"
"99-83-81-51","13 / 01 / 2025","Cheikh GAYE","magasin 1","2ème étage magasin1","2e","CONSOMMABLES INFORMATIQUES","CARTOUCHE HP 312A ROUGE","4","Bon état","0"
"99-83-81-51","13 / 01 / 2025","Cheikh GAYE","magasin 1","2ème étage magasin1","2e","CONSOMMABLES INFORMATIQUES","CARTOUCHE HP 37 A","3","Bon état","0"
"99-83-81-51","13 / 01 / 2025","Cheikh GAYE","magasin 1","2ème étage magasin1","2e","CONSOMMABLES INFORMATIQUES","CARTOUCHE HP 410A BLEU","2","Bon état","0"
"99-83-81-51","13 / 01 / 2025","Cheikh GAYE","magasin 1","2ème étage magasin1","2e","CONSOMMABLES INFORMATIQUES","CARTOUCHE HP 410A ROUGE","2","A déprécier","2"
"99-83-81-51","13 / 01 / 2025","Cheikh GAYE","magasin 1","2ème étage magasin1","2e","CONSOMMABLES INFORMATIQUES","CARTOUCHE HP 415A BLEU","2","A déprécier","2"
"99-83-81-51","13 / 01 / 2025","Cheikh GAYE","magasin 1","2ème étage magasin1","2e","CONSOMMABLES INFORMATIQUES","CARTOUCHE HP 415A JAUNE","1","Bon état","0"
"99-83-81-51","13 / 01 / 2025","Cheikh GAYE","magasin 1","2ème étage magasin1","2e","CONSOMMABLES INFORMATIQUES","CARTOUCHE HP 415A NOIR","1","Bon état","0"
"99-83-81-51","13 / 01 / 2025","Cheikh GAYE","magasin 1","2ème étage magasin1","2e","CONSOMMABLES INFORMATIQUES","CARTOUCHE HP 415A ROUGE","2","A déprécier","2"
"99-83-81-51","13 / 01 / 2025","Cheikh GAYE","magasin 1","2ème étage magasin1","2e","CONSOMMABLES INFORMATIQUES","CARTOUCHE HP 504 BLEU","1","Bon état","0"
"99-83-81-51","13 / 01 / 2025","Cheikh GAYE","magasin 1","2ème étage magasin1","2e","CONSOMMABLES INFORMATIQUES","CARTOUCHE HP 504 JAUNE","1","Bon état","0"
"99-83-81-51","13 / 01 / 2025","Cheikh GAYE","magasin 1","2ème étage magasin1","2e","CONSOMMABLES INFORMATIQUES","CARTOUCHE HP 504 ROUGE","1","Bon état","0"
"99-83-81-51","13 / 01 / 2025","Cheikh GAYE","magasin 1","2ème étage magasin1","2e","CONSOMMABLES INFORMATIQUES","CARTOUCHE HP 507A BLEU","3","Bon état","0"
"99-83-81-51","13 / 01 / 2025","Cheikh GAYE","magasin 1","2ème étage magasin1","2e","CONSOMMABLES INFORMATIQUES","CARTOUCHE HP 507A JAUNE","6","Bon état","0"
"99-83-81-51","13 / 01 / 2025","Cheikh GAYE","magasin 1","2ème étage magasin1","2e","CONSOMMABLES INFORMATIQUES","CARTOUCHE HP 507A NOIR","4","Bon état","0"
"99-83-81-51","13 / 01 / 2025","Cheikh GAYE","magasin 1","2ème étage magasin1","2e","CONSOMMABLES INFORMATIQUES","CARTOUCHE HP 507A ROUGE","7","Bon état","0"
"99-83-81-51","13 / 01 / 2025","Cheikh GAYE","magasin 1","2ème étage magasin1","2e","CONSOMMABLES INFORMATIQUES","CARTOUCHE HP 51A","2","Bon état","0"
"99-83-81-51","13 / 01 / 2025","Cheikh GAYE","magasin 1","2ème étage magasin1","2e","CONSOMMABLES INFORMATIQUES","CARTOUCHE HP 53A","18","Bon état","0"
"99-83-81-51","13 / 01 / 2025","Cheikh GAYE","magasin 1","2ème étage magasin1","2e","CONSOMMABLES INFORMATIQUES","CARTOUCHE HP 78A","7","Bon état","0"
"99-83-81-51","13 / 01 / 2025","Cheikh GAYE","magasin 1","2ème étage magasin1","2e","CONSOMMABLES INFORMATIQUES","CARTOUCHE HP 80A","16","Bon état","0"
"99-83-81-51","13 / 01 / 2025","Cheikh GAYE","magasin 1","2ème étage magasin1","2e","CONSOMMABLES INFORMATIQUES","CARTOUCHE HP 81A","2","A déprécier","2"
"99-83-81-51","13 / 01 / 2025","Cheikh GAYE","magasin 1","2ème étage magasin1","2e","CONSOMMABLES INFORMATIQUES","CARTOUCHE HP 96A","1","Bon état","0"
"99-83-81-51","13 / 01 / 2025","Cheikh GAYE","magasin 1","2ème étage magasin1","2e","CONSOMMABLES INFORMATIQUES","CARTOUCHE HP 972 BLEU","5","Bon état","0"
"99-83-81-51","13 / 01 / 2025","Cheikh GAYE","magasin 1","2ème étage magasin1","2e","CONSOMMABLES INFORMATIQUES","CARTOUCHE LEXMARK C235H BLEU","3","Bon état","0"
"99-83-81-51","13 / 01 / 2025","Cheikh GAYE","magasin 1","2ème étage magasin1","2e","CONSOMMABLES INFORMATIQUES","CARTOUCHE LEXMARK C235H JAUNE","3","Bon état","0"
"99-83-81-51","13 / 01 / 2025","Cheikh GAYE","magasin 1","2ème étage magasin1","2e","CONSOMMABLES INFORMATIQUES","CARTOUCHE LEXMARK C235H NOIR","3","Bon état","0"
"99-83-81-51","13 / 01 / 2025","Cheikh GAYE","magasin 1","2ème étage magasin1","2e","CONSOMMABLES INFORMATIQUES","CARTOUCHE LEXMARK C235H ROUGE","3","Bon état","0"
"99-83-81-51","13 / 01 / 2025","Cheikh GAYE","magasin 1","2ème étage magasin1","2e","CONSOMMABLES INFORMATIQUES","CARTOUCHE LEXMARK CX417 BLEU","1","Bon état","0"
"99-83-81-51","13 / 01 / 2025","Cheikh GAYE","magasin 1","2ème étage magasin1","2e","CONSOMMABLES INFORMATIQUES","CARTOUCHE LEXMARK CX417 JAUNE","2","Bon état","0"
"99-83-81-51","13 / 01 / 2025","Cheikh GAYE","magasin 1","2ème étage magasin1","2e","CONSOMMABLES INFORMATIQUES","CARTOUCHE LEXMARK CX417 NOIR","3","Bon état","0"
"99-83-81-51","13 / 01 / 2025","Cheikh GAYE","magasin 1","2ème étage magasin1","2e","CONSOMMABLES INFORMATIQUES","CARTOUCHE LEXMARK CX417 ROUGE","2","Bon état","0"
"99-83-81-51","13 / 01 / 2025","Cheikh GAYE","magasin 1","2ème étage magasin1","2e","CONSOMMABLES INFORMATIQUES","CARTOUCHE LEXMARK E260","2","A déprécier","2"
"99-83-81-51","13 / 01 / 2025","Cheikh GAYE","magasin 1","2ème étage magasin1","2e","CONSOMMABLES INFORMATIQUES","CARTOUCHE LEXMARK MS 310 SERIE","4","Bon état","0"
"99-83-81-51","13 / 01 / 2025","Cheikh GAYE","magasin 1","2ème étage magasin1","2e","CONSOMMABLES INFORMATIQUES","CARTOUCHE LEXMARK X264","9","Bon état","0"
"99-83-81-51","13 / 01 / 2025","Cheikh GAYE","magasin 1","2ème étage magasin1","2e","CONSOMMABLES INFORMATIQUES","CARTOUCHE MASTER RICOH HQ 40","4","Bon état","0"
"99-83-81-51","13 / 01 / 2025","Cheikh GAYE","magasin 1","2ème étage magasin1","2e","CONSOMMABLES INFORMATIQUES","CARTOUCHE RICOH MP 3502 BLEU","1","Bon état","0"
"99-83-81-51","13 / 01 / 2025","Cheikh GAYE","magasin 1","2ème étage magasin1","2e","CONSOMMABLES INFORMATIQUES","CARTOUCHE RICOH MP 3502 NOIR","1","Bon état","0"
"99-83-81-51","13 / 01 / 2025","Cheikh GAYE","magasin 1","2ème étage magasin1","2e","CONSOMMABLES INFORMATIQUES","CARTOUCHE XEROX 5230","1","A déprécier","1"
"99-83-81-51","13 / 01 / 2025","Cheikh GAYE","magasin 1","2ème étage magasin1","2e","CONSOMMABLES INFORMATIQUES","CARTOUCHE XEROX C315/C310 BLEU","2","Bon état","0"
"99-83-81-51","13 / 01 / 2025","Cheikh GAYE","magasin 1","2ème étage magasin1","2e","CONSOMMABLES INFORMATIQUES","CARTOUCHE XEROX C315/C310 JAUNE","1","Bon état","0"
"99-83-81-51","13 / 01 / 2025","Cheikh GAYE","magasin 1","2ème étage magasin1","2e","CONSOMMABLES INFORMATIQUES","CARTOUCHE XEROX C315/C310 NOIR","1","Bon état","0"
"99-83-81-51","13 / 01 / 2025","Cheikh GAYE","magasin 1","2ème étage magasin1","2e","CONSOMMABLES INFORMATIQUES","CARTOUCHE XEROX C315/C310 ROUGE","2","Bon état","0"
"99-83-81-51","13 / 01 / 2025","Cheikh GAYE","magasin 1","2ème étage magasin1","2e","CONSOMMABLES INFORMATIQUES","CLE USB 16G","20","Bon état","0"
"99-83-81-51","13 / 01 / 2025","Cheikh GAYE","magasin 1","2ème étage magasin1","2e","CONSOMMABLES INFORMATIQUES","CLE USB 32G","82","Bon état","0"
"99-83-81-51","13 / 01 / 2025","Cheikh GAYE","magasin 1","2ème étage magasin1","2e","CONSOMMABLES INFORMATIQUES","TAMBOUR CANON CEXV 60","5","Bon état","0"
"99-83-81-51","13 / 01 / 2025","Cheikh GAYE","magasin 1","2ème étage magasin1","2e","CONSOMMABLES INFORMATIQUES","TAMBOUR CANON CEXV 61","1","Bon état","0"
"99-83-81-51","13 / 01 / 2025","Cheikh GAYE","magasin 1","2ème étage magasin1","2e","CONSOMMABLES INFORMATIQUES","TAMBOUR CANON IR 2525C-EXV32DRUM","10","Bon état","0"
"99-83-81-51","13 / 01 / 2025","Cheikh GAYE","magasin 1","2ème étage magasin1","2e","CONSOMMABLES INFORMATIQUES","TAMBOUR LEXMARK E260X22G","6","Bon état","0"
"99-83-81-51","13 / 01 / 2025","Cheikh GAYE","magasin 1","2ème étage magasin1","2e","CONSOMMABLES INFORMATIQUES","CARTOUCHE HP 106A","1","Bon état","0"
"99-83-81-51","13 / 01 / 2025","Cheikh GAYE","magasin 1","2ème étage magasin1","2e","CONSOMMABLES INFORMATIQUES","CARTOUCHE CANON CEXV 61","2","Bon état","0"
"99-83-81-51","13 / 01 / 2025","Cheikh GAYE","magasin 1","2ème étage magasin1","2e","CONSOMMABLES INFORMATIQUES","CARTOUCHE MASTER RICOH CMP","4","A déprécier","4"
"99-83-81-51","13 / 01 / 2025","Cheikh GAYE","magasin 1","2ème étage magasin1","2e","PIECES POUR ASCENSEUR","CONTROLEUR AT 120","1","Bon état","0"
"99-83-81-51","13 / 01 / 2025","Cheikh GAYE","magasin 1","2ème étage magasin1","2e","PIECES POUR ASCENSEUR","TRANSFORMATEUR AT 120","1","Bon état","0"
"99-83-81-51","13 / 01 / 2025","Cheikh GAYE","magasin 1","2ème étage magasin1","2e","SUPPORTS DE COMMUNICATION","CASQUETTE","8","Bon état","0"
"99-83-81-51","13 / 01 / 2025","Cheikh GAYE","magasin 1","2ème étage magasin1","2e","SUPPORTS DE COMMUNICATION","MUGS","1","Bon état","0"
"99-83-81-51","13 / 01 / 2025","Cheikh GAYE","magasin 1","2ème étage magasin1","2e","SUPPORTS DE COMMUNICATION","POLO","2","Bon état","0"
"99-83-81-51","13 / 01 / 2025","Cheikh GAYE","magasin 1","2ème étage magasin1","2e","SUPPORTS DE COMMUNICATION","PORTE CLES","2","Bon état","0"
"99-83-81-51","13 / 01 / 2025","Cheikh GAYE","magasin 1","2ème étage magasin1","2e","FOURNITURES DE BUREAU","AGRAFES 12 MM","4","Bon état","0"
"99-83-81-51","13 / 01 / 2025","Cheikh GAYE","magasin 1","2ème étage magasin1","2e","FOURNITURES DE BUREAU","AGRAFES 24/6","258","Bon état","0"
"99-83-81-51","13 / 01 / 2025","Cheikh GAYE","magasin 1","2ème étage magasin1","2e","FOURNITURES DE BUREAU","AGRAFES 6MM","1823","Bon état","0"
"99-83-81-51","13 / 01 / 2025","Cheikh GAYE","magasin 1","2ème étage magasin1","2e","FOURNITURES DE BUREAU","AGRAFES 8MM","132","Bon état","0"
"99-83-81-51","13 / 01 / 2025","Cheikh GAYE","magasin 1","2ème étage magasin1","2e","FOURNITURES DE BUREAU","AGRAFES BB","339","Bon état","0"
"99-83-81-51","13 / 01 / 2025","Cheikh GAYE","magasin 1","2ème étage magasin1","2e","FOURNITURES DE BUREAU","AGRAFEUSE BB","199","Bon état","0"
"99-83-81-51","13 / 01 / 2025","Cheikh GAYE","magasin 1","2ème étage magasin1","2e","FOURNITURES DE BUREAU","AGRAFEUSE GM","150","Bon état","0"
"99-83-81-51","13 / 01 / 2025","Cheikh GAYE","magasin 1","2ème étage magasin1","2e","FOURNITURES DE BUREAU","BAC A DOSSIER","44","Bon état","0"
"99-83-81-51","13 / 01 / 2025","Cheikh GAYE","magasin 1","2ème étage magasin1","2e","FOURNITURES DE BUREAU","BATON DE COLLE","284","Bon état","0"
"99-83-81-51","13 / 01 / 2025","Cheikh GAYE","magasin 1","2ème étage magasin1","2e","FOURNITURES DE BUREAU","BIC BLEU","10661","Bon état","0"
"99-83-81-51","13 / 01 / 2025","Cheikh GAYE","magasin 1","2ème étage magasin1","2e","FOURNITURES DE BUREAU","BIC NOIR","1700","Bon état","0"
"99-83-81-51","13 / 01 / 2025","Cheikh GAYE","magasin 1","2ème étage magasin1","2e","FOURNITURES DE BUREAU","BIC ROUGE","5787","A déprécier","1045"
"99-83-81-51","13 / 01 / 2025","Cheikh GAYE","magasin 1","2ème étage magasin1","2e","FOURNITURES DE BUREAU","BIC VERT","874","Bon état","0"
"99-83-81-51","13 / 01 / 2025","Cheikh GAYE","magasin 1","2ème étage magasin1","2e","FOURNITURES DE BUREAU","BINDER CLIP","196","Bon état","0"
"99-83-81-51","13 / 01 / 2025","Cheikh GAYE","magasin 1","2ème étage magasin1","2e","FOURNITURES DE BUREAU","BLANCO + DILUANT","145","A déprécier","145"
"99-83-81-51","13 / 01 / 2025","Cheikh GAYE","magasin 1","2ème étage magasin1","2e","FOURNITURES DE BUREAU","BLANCO BIC","2061","Bon état","0"
"99-83-81-51","13 / 01 / 2025","Cheikh GAYE","magasin 1","2ème étage magasin1","2e","FOURNITURES DE BUREAU","BLOC NOTE GM","646","Bon état","0"
"99-83-81-51","13 / 01 / 2025","Cheikh GAYE","magasin 1","2ème étage magasin1","2e","FOURNITURES DE BUREAU","BLOC NOTE PERSONNALISE","151","Bon état","0"
"99-83-81-51","13 / 01 / 2025","Cheikh GAYE","magasin 1","2ème étage magasin1","2e","FOURNITURES DE BUREAU","BLOC NOTE PM","710","Bon état","0"
"99-83-81-51","13 / 01 / 2025","Cheikh GAYE","magasin 1","2ème étage magasin1","2e","FOURNITURES DE BUREAU","CAHIER","70","Bon état","0"
"99-83-81-51","13 / 01 / 2025","Cheikh GAYE","magasin 1","2ème étage magasin1","2e","FOURNITURES DE BUREAU","CALCULATRICE GRAND MODELE","27","Bon état","0"
"99-83-81-51","13 / 01 / 2025","Cheikh GAYE","magasin 1","2ème étage magasin1","2e","FOURNITURES DE BUREAU","CALCULATRICE SCIENTIFIQUE","854","Bon état","0"
"99-83-81-51","13 / 01 / 2025","Cheikh GAYE","magasin 1","2ème étage magasin1","2e","FOURNITURES DE BUREAU","CARNET DE BON DE COMMANDE","60","Bon état","0"
"99-83-81-51","13 / 01 / 2025","Cheikh GAYE","magasin 1","2ème étage magasin1","2e","FOURNITURES DE BUREAU","CHEMISE A RABAT CARTONNEE ELASTIQUE","1123","Bon état","0"
"99-83-81-51","13 / 01 / 2025","Cheikh GAYE","magasin 1","2ème étage magasin1","2e","FOURNITURES DE BUREAU","CHEMISE A RABAT PLASTIQUE","1188","Bon état","0"
"99-83-81-51","13 / 01 / 2025","Cheikh GAYE","magasin 1","2ème étage magasin1","2e","FOURNITURES DE BUREAU","CHEMISE A SANGLE KRAFT","233","Bon état","0"
"99-83-81-51","13 / 01 / 2025","Cheikh GAYE","magasin 1","2ème étage magasin1","2e","FOURNITURES DE BUREAU","CHEMISE CARTONNEE","2903","Bon état","0"
"99-83-81-51","13 / 01 / 2025","Cheikh GAYE","magasin 1","2ème étage magasin1","2e","FOURNITURES DE BUREAU","CHRONO CLASSEUR","404","Bon état","0"
"99-83-81-51","13 / 01 / 2025","Cheikh GAYE","magasin 1","2ème étage magasin1","2e","FOURNITURES DE BUREAU","CISEAUX GM","89","Bon état","0"
"99-83-81-51","13 / 01 / 2025","Cheikh GAYE","magasin 1","2ème étage magasin1","2e","FOURNITURES DE BUREAU","CISEAUX PM","449","Bon état","0"
"99-83-81-51","13 / 01 / 2025","Cheikh GAYE","magasin 1","2ème étage magasin1","2e","FOURNITURES DE BUREAU","COIN DE LETTRE","13","A déprécier","13"
"99-83-81-51","13 / 01 / 2025","Cheikh GAYE","magasin 1","2ème étage magasin1","2e","FOURNITURES DE BUREAU","COLLE BLANCHE","373","Bon état","0"
"99-83-81-51","13 / 01 / 2025","Cheikh GAYE","magasin 1","2ème étage magasin1","2e","FOURNITURES DE BUREAU","CORBEILLE","113","Bon état","0"
"99-83-81-51","13 / 01 / 2025","Cheikh GAYE","magasin 1","2ème étage magasin1","2e","FOURNITURES DE BUREAU","COUVERTURES CARTONNEES A4","61","Bon état","0"
"99-83-81-51","13 / 01 / 2025","Cheikh GAYE","magasin 1","2ème étage magasin1","2e","FOURNITURES DE BUREAU","CRAYON NOIR","2763","Bon état","0"
"99-83-81-51","13 / 01 / 2025","Cheikh GAYE","magasin 1","2ème étage magasin1","2e","FOURNITURES DE BUREAU","CRITERIUM 0,5","6","Bon état","0"
"99-83-81-51","13 / 01 / 2025","Cheikh GAYE","magasin 1","2ème étage magasin1","2e","FOURNITURES DE BUREAU","CRITERIUM 0,7","7","Bon état","0"
"99-83-81-51","13 / 01 / 2025","Cheikh GAYE","magasin 1","2ème étage magasin1","2e","FOURNITURES DE BUREAU","DATEUR MANUEL","77","Bon état","0"
"99-83-81-51","13 / 01 / 2025","Cheikh GAYE","magasin 1","2ème étage magasin1","2e","FOURNITURES DE BUREAU","DECOUPE","6","Bon état","0"
"99-83-81-51","13 / 01 / 2025","Cheikh GAYE","magasin 1","2ème étage magasin1","2e","FOURNITURES DE BUREAU","ENCRE BLEU","235","A déprécier","235"
"99-83-81-51","13 / 01 / 2025","Cheikh GAYE","magasin 1","2ème étage magasin1","2e","FOURNITURES DE BUREAU","ENCREUR BLEU","173","A déprécier","173"
"99-83-81-51","13 / 01 / 2025","Cheikh GAYE","magasin 1","2ème étage magasin1","2e","FOURNITURES DE BUREAU","ENCREUR ROUGE","93","A déprécier","93"
"99-83-81-51","13 / 01 / 2025","Cheikh GAYE","magasin 1","2ème étage magasin1","2e","FOURNITURES DE BUREAU","ENVELOPPE A3","7322","Bon état","0"
"99-83-81-51","13 / 01 / 2025","Cheikh GAYE","magasin 1","2ème étage magasin1","2e","FOURNITURES DE BUREAU","ENVELOPPE A4","828","Bon état","0"
"99-83-81-51","13 / 01 / 2025","Cheikh GAYE","magasin 1","2ème étage magasin1","2e","FOURNITURES DE BUREAU","ENVELOPPE A5","17433","Bon état","0"
"99-83-81-51","13 / 01 / 2025","Cheikh GAYE","magasin 1","2ème étage magasin1","2e","FOURNITURES DE BUREAU","ENVELOPPE BLANCHE","5500","Bon état","0"
"99-83-81-51","13 / 01 / 2025","Cheikh GAYE","magasin 1","2ème étage magasin1","2e","FOURNITURES DE BUREAU","ETUI BADGE","330","Bon état","0"
"99-83-81-51","13 / 01 / 2025","Cheikh GAYE","magasin 1","2ème étage magasin1","2e","FOURNITURES DE BUREAU","FEUTRE BLEU","104","Bon état","0"
"99-83-81-51","13 / 01 / 2025","Cheikh GAYE","magasin 1","2ème étage magasin1","2e","FOURNITURES DE BUREAU","FEUTRE NOIR","275","Bon état","0"
"99-83-81-51","13 / 01 / 2025","Cheikh GAYE","magasin 1","2ème étage magasin1","2e","FOURNITURES DE BUREAU","FEUTRE ROUGE","480","Bon état","0"
"99-83-81-51","13 / 01 / 2025","Cheikh GAYE","magasin 1","2ème étage magasin1","2e","FOURNITURES DE BUREAU","GEL ANTISEPTIQUE  GM","18","A déprécier","262"
"99-83-81-51","13 / 01 / 2025","Cheikh GAYE","magasin 1","2ème étage magasin1","2e","FOURNITURES DE BUREAU","GEL ANTISEPTIQUE  PM","262","A déprécier","262"
"99-83-81-51","13 / 01 / 2025","Cheikh GAYE","magasin 1","2ème étage magasin1","2e","FOURNITURES DE BUREAU","GOMME","4133","Bon état","0"
"99-83-81-51","13 / 01 / 2025","Cheikh GAYE","magasin 1","2ème étage magasin1","2e","FOURNITURES DE BUREAU","MARQUEUR BLEU","330","Bon état","0"
"99-83-81-51","13 / 01 / 2025","Cheikh GAYE","magasin 1","2ème étage magasin1","2e","FOURNITURES DE BUREAU","MARQUEUR EFFA ABLE BLEU","478","Bon état","0"
"99-83-81-51","13 / 01 / 2025","Cheikh GAYE","magasin 1","2ème étage magasin1","2e","FOURNITURES DE BUREAU","MARQUEUR EFFA ABLE VERT","36","Bon état","0"
"99-83-81-51","13 / 01 / 2025","Cheikh GAYE","magasin 1","2ème étage magasin1","2e","FOURNITURES DE BUREAU","MARQUEUR NOIR","714","Bon état","0"
"99-83-81-51","13 / 01 / 2025","Cheikh GAYE","magasin 1","2ème étage magasin1","2e","FOURNITURES DE BUREAU","MARQUEUR ROUGE","2204","A déprécier","579"
"99-83-81-51","13 / 01 / 2025","Cheikh GAYE","magasin 1","2ème étage magasin1","2e","FOURNITURES DE BUREAU","MARQUEUR VERT","9","Bon état","0"
"99-83-81-51","13 / 01 / 2025","Cheikh GAYE","magasin 1","2ème étage magasin1","2e","FOURNITURES DE BUREAU","MOUILLE DOIGTS","2","Bon état","0"
"99-83-81-51","13 / 01 / 2025","Cheikh GAYE","magasin 1","2ème étage magasin1","2e","FOURNITURES DE BUREAU","NUM ROTEUR","23","Bon état","0"
"99-83-81-51","13 / 01 / 2025","Cheikh GAYE","magasin 1","2ème étage magasin1","2e","FOURNITURES DE BUREAU","ORGANISATEUR DE BUREAUX EN BOIS","1","Bon état","0"
"99-83-81-51","13 / 01 / 2025","Cheikh GAYE","magasin 1","2ème étage magasin1","2e","FOURNITURES DE BUREAU","OTE AGRAFES","976","A déprécier","435"
"99-83-81-51","13 / 01 / 2025","Cheikh GAYE","magasin 1","2ème étage magasin1","2e","FOURNITURES DE BUREAU","PAIRE DE CISEAUX GM","74","Bon état","0"
"99-83-81-51","13 / 01 / 2025","Cheikh GAYE","magasin 1","2ème étage magasin1","2e","FOURNITURES DE BUREAU","PAPIER CANSON A4","12","A déprécier","12"
"99-83-81-51","13 / 01 / 2025","Cheikh GAYE","magasin 1","2ème étage magasin1","2e","FOURNITURES DE BUREAU","PAPIER CARBONNE","7","A déprécier","7"
"99-83-81-51","13 / 01 / 2025","Cheikh GAYE","magasin 1","2ème étage magasin1","2e","FOURNITURES DE BUREAU","PAPIER PELIURE","82","Bon état","0"
"99-83-81-51","13 / 01 / 2025","Cheikh GAYE","magasin 1","2ème étage magasin1","2e","FOURNITURES DE BUREAU","PAQUET SURLIGNEUR","838","A déprécier","420"
"99-83-81-51","13 / 01 / 2025","Cheikh GAYE","magasin 1","2ème étage magasin1","2e","FOURNITURES DE BUREAU","PARAPHEUR","43","Bon état","0"
"99-83-81-51","13 / 01 / 2025","Cheikh GAYE","magasin 1","2ème étage magasin1","2e","FOURNITURES DE BUREAU","PERFORATEUR","71","Bon état","0"
"99-83-81-51","13 / 01 / 2025","Cheikh GAYE","magasin 1","2ème étage magasin1","2e","FOURNITURES DE BUREAU","PILE GM","1433","A déprécier","326"
"99-83-81-51","13 / 01 / 2025","Cheikh GAYE","magasin 1","2ème étage magasin1","2e","FOURNITURES DE BUREAU","PILE RECHARGEABLE","64","Bon état","0"
"99-83-81-51","13 / 01 / 2025","Cheikh GAYE","magasin 1","2ème étage magasin1","2e","FOURNITURES DE BUREAU","PLUMEAU DE NETTOIE TABLE","36","Bon état","0"
"99-83-81-51","13 / 01 / 2025","Cheikh GAYE","magasin 1","2ème étage magasin1","2e","FOURNITURES DE BUREAU","POMPE ANTIBACTERIEN DESINFECTANT GM","28","Bon état","0"
"99-83-81-51","13 / 01 / 2025","Cheikh GAYE","magasin 1","2ème étage magasin1","2e","FOURNITURES DE BUREAU","POMPE ANTIBACTERIEN DESINFECTANT PM","1218","A déprécier","1218"
"99-83-81-51","13 / 01 / 2025","Cheikh GAYE","magasin 1","2ème étage magasin1","2e","FOURNITURES DE BUREAU","POST IT GM","150","Bon état","0"
"99-83-81-51","13 / 01 / 2025","Cheikh GAYE","magasin 1","2ème étage magasin1","2e","FOURNITURES DE BUREAU","POST IT MOYEN","490","Bon état","0"
"99-83-81-51","13 / 01 / 2025","Cheikh GAYE","magasin 1","2ème étage magasin1","2e","FOURNITURES DE BUREAU","POT A STYLOS","228","A déprécier","1"
"99-83-81-51","13 / 01 / 2025","Cheikh GAYE","magasin 1","2ème étage magasin1","2e","FOURNITURES DE BUREAU","RAME PAPIER A4","155","Bon état","0"
"99-83-81-51","13 / 01 / 2025","Cheikh GAYE","magasin 1","2ème étage magasin1","2e","FOURNITURES DE BUREAU","RAME PAPIER BRISTOL A3","13","Bon état","0"
"99-83-81-51","13 / 01 / 2025","Cheikh GAYE","magasin 1","2ème étage magasin1","2e","FOURNITURES DE BUREAU","RAME PAPIER BRISTOL A3 MAT 205G","17","Bon état","0"
"99-83-81-51","13 / 01 / 2025","Cheikh GAYE","magasin 1","2ème étage magasin1","2e","FOURNITURES DE BUREAU","RAME PAPIER BRISTOL A4","92","Bon état","0"
"99-83-81-51","13 / 01 / 2025","Cheikh GAYE","magasin 1","2ème étage magasin1","2e","FOURNITURES DE BUREAU","REGISTRE 200 PAGES","2","Bon état","0"
"99-83-81-51","13 / 01 / 2025","Cheikh GAYE","magasin 1","2ème étage magasin1","2e","FOURNITURES DE BUREAU","REGISTRE ARRIVEE","38","Bon état","0"
"99-83-81-51","13 / 01 / 2025","Cheikh GAYE","magasin 1","2ème étage magasin1","2e","FOURNITURES DE BUREAU","REGISTRE DE TRANSMISSION","39","Bon état","0"
"99-83-81-51","13 / 01 / 2025","Cheikh GAYE","magasin 1","2ème étage magasin1","2e","FOURNITURES DE BUREAU","REGISTRE DEPART","3","Bon état","0"
"99-83-81-51","13 / 01 / 2025","Cheikh GAYE","magasin 1","2ème étage magasin1","2e","FOURNITURES DE BUREAU","REGLE 30 CM","91","Bon état","0"
"99-83-81-51","13 / 01 / 2025","Cheikh GAYE","magasin 1","2ème étage magasin1","2e","FOURNITURES DE BUREAU","REGLE 50 CM","81","Bon état","0"
"99-83-81-51","13 / 01 / 2025","Cheikh GAYE","magasin 1","2ème étage magasin1","2e","FOURNITURES DE BUREAU","REGLE GM ROTIN","51","A déprécier","51"
"99-83-81-51","13 / 01 / 2025","Cheikh GAYE","magasin 1","2ème étage magasin1","2e","FOURNITURES DE BUREAU","REGLE GM RULER","15","A déprécier","15"
"99-83-81-51","13 / 01 / 2025","Cheikh GAYE","magasin 1","2ème étage magasin1","2e","FOURNITURES DE BUREAU","REGLE METALLIQUE","540","Bon état","0"
"99-83-81-51","13 / 01 / 2025","Cheikh GAYE","magasin 1","2ème étage magasin1","2e","FOURNITURES DE BUREAU","REGLE PISTOLET A DESSIN","4","A déprécier","4"
"99-83-81-51","13 / 01 / 2025","Cheikh GAYE","magasin 1","2ème étage magasin1","2e","FOURNITURES DE BUREAU","ROULEAU SCOTCH EN PAPIER GM","447","Bon état","0"
"99-83-81-51","13 / 01 / 2025","Cheikh GAYE","magasin 1","2ème étage magasin1","2e","FOURNITURES DE BUREAU","ROULEAU SCOTCH EN PAPIER PM","146","Bon état","0"
"99-83-81-51","13 / 01 / 2025","Cheikh GAYE","magasin 1","2ème étage magasin1","2e","FOURNITURES DE BUREAU","ROULEAU SCOTCH GM","233","Bon état","0"
"99-83-81-51","13 / 01 / 2025","Cheikh GAYE","magasin 1","2ème étage magasin1","2e","FOURNITURES DE BUREAU","ROULEAU SCOTCH INVISIBLE","178","Bon état","0"
"99-83-81-51","13 / 01 / 2025","Cheikh GAYE","magasin 1","2ème étage magasin1","2e","FOURNITURES DE BUREAU","ROULEAU SCOTCH JAUNE","5","Bon état","0"
"99-83-81-51","13 / 01 / 2025","Cheikh GAYE","magasin 1","2ème étage magasin1","2e","FOURNITURES DE BUREAU","ROULEAU SCOTCH PM","198","A déprécier","191"
"99-83-81-51","13 / 01 / 2025","Cheikh GAYE","magasin 1","2ème étage magasin1","2e","FOURNITURES DE BUREAU","SOUS CHEMISE","30850","Bon état","0"
"99-83-81-51","13 / 01 / 2025","Cheikh GAYE","magasin 1","2ème étage magasin1","2e","FOURNITURES DE BUREAU","SOUS MAIN CLAPETTE","57","A déprécier","57"
"99-83-81-51","13 / 01 / 2025","Cheikh GAYE","magasin 1","2ème étage magasin1","2e","FOURNITURES DE BUREAU","TAILLE CRAYON","700","Bon état","0"
"99-83-81-51","13 / 01 / 2025","Cheikh GAYE","magasin 1","2ème étage magasin1","2e","FOURNITURES DE BUREAU","TRANSPARENT","35","Bon état","0"
"99-83-81-51","13 / 01 / 2025","Cheikh GAYE","magasin 1","2ème étage magasin1","2e","FOURNITURES DE BUREAU","TROMBONE 230","138","Bon état","0"
"99-83-81-51","13 / 01 / 2025","Cheikh GAYE","magasin 1","2ème étage magasin1","2e","FOURNITURES DE BUREAU","TROMBONE 32","14","Bon état","0"
"99-83-81-51","13 / 01 / 2025","Cheikh GAYE","magasin 1","2ème étage magasin1","2e","FOURNITURES DE BUREAU","TROMBONE 33","20","Bon état","0"
"99-83-81-51","13 / 01 / 2025","Cheikh GAYE","magasin 1","2ème étage magasin1","2e","FOURNITURES DE BUREAU","TROMBONE EN COULEUR","96","Bon état","0"
"99-83-81-51","13 / 01 / 2025","Cheikh GAYE","magasin 1","2ème étage magasin1","2e","FOURNITURES DE BUREAU","CHRONO POUR CARTE VISITE","7","Bon état","0"
"99-83-81-51","13 / 01 / 2025","Cheikh GAYE","magasin 1","2ème étage magasin1","2e","FOURNITURES DE BUREAU","PUNAISE","35","Bon état","0"
"99-83-81-51","13 / 01 / 2025","Cheikh GAYE","magasin 1","2ème étage magasin1","2e","FOURNITURES DE BUREAU","RECHARGE CRITERIUM 0,5","18","Bon état","0"
"99-83-81-51","13 / 01 / 2025","Cheikh GAYE","magasin 1","2ème étage magasin1","2e","FOURNITURES DE BUREAU","RECHARGE CRITERIUM 0,7","14","Bon état","0"
"99-83-81-51","13 / 01 / 2025","Cheikh GAYE","magasin 1","2ème étage magasin1","2e","FOURNITURES DE BUREAU","REGLETTE","2","Bon état","0"
"99-83-81-51","13 / 01 / 2025","Cheikh GAYE","magasin 1","2ème étage magasin1","2e","FOURNITURES DE BUREAU","ROULEAU FICELLE","2","A déprécier","2"
"99-83-81-51","13 / 01 / 2025","Cheikh GAYE","magasin 1","2ème étage magasin1","2e","FOURNITURES DE BUREAU","CAHIER RECETTE-DEPENSE","67","Bon état","0"